,leiden
AACACTTGGCAAGGAA-1,0
AACAGGTTATTGCACC-1,5
AACCACTGCCATAGCC-1,2
AACCTACAGAGGTAGT-1,1
AACGAAGCGTGGAAGT-1,1
AACGAGCTAATAACTA-1,4
AACTAGCACTGTTCGA-1,1
AACTAGCCTTGCAATA-1,1
AACTCACCGAACTTAT-1,2
AACTCACCTCGGTGTT-1,2
AACTGCCTCGATAGGT-1,3
AAGACTGTCATAGTGC-1,4
AAGATGAAGGTCATCG-1,2
AAGATTATCTAGCATA-1,0
AAGCCACTATGTCTAA-1,0
AAGCCAGGCCGACGTG-1,0
AAGCGAGGAAGTGAAC-1,1
AAGGAGGCACTCAATT-1,1
AAGGCCGACCTACCTG-1,3
AAGGCGAGGTTCATGT-1,4
AAGGCGCCTAACATAG-1,4
AAGGTTGCAGAAGCAG-1,4
AAGTACTACAGTAGAA-1,4
AAGTCTGTCAATTCTT-1,2
AAGTCTTAAGTTGCCA-1,0
AAGTGGACGAATCTAC-1,2
AAGTGGCGAGTGTACA-1,1
AAGTTCCTATTGCTGG-1,1
AATAACGTAACTGTGA-1,4
AATAACTCTACGATGT-1,1
AATAGTGCTCATAGAA-1,3
AATATTAGGCTTCTGG-1,4
AATCCGCCTGGTCAAT-1,4
AATGAAGACGGTTCAG-1,5
AATGAATCGGAAGGCA-1,0
AATGATTACAACCTAA-1,3
AATGCAATCACTGTCG-1,1
AATGGACATCCTACTC-1,5
AATGGCATAGTATCAT-1,3
AATGGTGCGTCCTAAC-1,2
AATGTCAGGTCATTAC-1,3
AATTCTCGCACCAGTA-1,5
AATTGCATTGAAGAAT-1,3
ACAACTAAGGTGTTAT-1,2
ACAATACGCCTTATTC-1,1
ACAGAATCCGTTGCTT-1,6
ACAGAATGTCTTATTG-1,5
ACAGCCAGGCATAAGC-1,1
ACAGGAACTACAGAAC-1,6
ACATCGCCACAAGAGG-1,2
ACATGGATGCGTAAGC-1,6
ACATTGGTTCACAGTG-1,0
ACCAAGTGATGGTGAG-1,2
ACCAAGTGGCTGTATG-1,4
ACCAGTATGAAGTTCC-1,4
ACCATTAGATCGTGGC-1,0
ACCGATTGAGGATCTG-1,2
ACCGGCACCATACTGC-1,2
ACCGGCCTCAGGAGTT-1,1
ACCGGCTATCGTGCGG-1,0
ACCGTACACGACCGTC-1,6
ACCTAAGTAGAACAGA-1,2
ACCTGCCACTATCAAT-1,1
ACCTGCTTATAGTTCG-1,2
ACCTGCTTGAGCCTGG-1,0
ACCTGTGGTCACCTCG-1,0
ACGAACGCACGAGCAC-1,3
ACGACTGAAGACTTAC-1,1
ACGATGTTACCTCATT-1,0
ACGGCTTCCATCGGAA-1,4
ACGGCTTGTTCAATCG-1,1
ACGGTTACATCCGAAG-1,2
ACGGTTCGTACAGTTG-1,0
ACGGTTCGTCCGACCG-1,1
ACGTCAGATTACTTCG-1,1
ACGTTCACGACTAGGT-1,0
ACGTTCCATTACCTCA-1,0
ACTAGATCTGAAGCGG-1,2
ACTATGAGGTTCTGTC-1,0
ACTATTAGACAGGCTG-1,6
ACTCAGGCCTGCAACT-1,6
ACTCAGTGAGCCTCCA-1,3
ACTCCAGGCCGAAGAC-1,6
ACTCCAGTAGCTCCAG-1,2
ACTCGATTGATATCCA-1,1
ACTTGAAGCGAGCGGT-1,3
AGAACAGGAGCATGGA-1,3
AGAACTTCGATGCGTA-1,3
AGAAGGATGGTATGAA-1,0
AGAAGTTGAGCGCAAG-1,1
AGACAAGACGTATCGC-1,6
AGACGCGTGATGCATC-1,4
AGACGCTTGGCCTCAC-1,1
AGACGTAGGCGGACCG-1,0
AGACTCATTGCGGACA-1,5
AGACTCCTGTATGGCG-1,0
AGACTCTATTAGCGCT-1,4
AGCACGGAGGCAGTCA-1,0
AGCCGGCCTATTCCAG-1,0
AGCCGTATCTTCGTCT-1,2
AGCCTCCGAACTACCA-1,1
AGCCTCTATGCAGCAA-1,4
AGCGAGAACAGATTCT-1,0
AGCGGTGAGTGACATG-1,3
AGCGTGCGCCTGATCG-1,1
AGCGTGGCACCGACAA-1,3
AGCGTGTATGTACGGT-1,2
AGCTAGCGTACAGTAA-1,2
AGCTGTCCAGATGCTA-1,2
AGGACGTATCGCCGTA-1,0
AGGACGTCGGCACGAA-1,3
AGGACTAGGACCGCAG-1,1
AGGACTGGATGAAGAC-1,1
AGGATAACCGGTCGGA-1,4
AGGATCAACATTCGTT-1,1
AGGCATTAAGTCTGGC-1,0
AGGCCGCAGAATAACG-1,1
AGGCCTGTCTAGTGGC-1,2
AGGTCTTCCATCGCCG-1,5
AGGTGAAGTGACGACT-1,5
AGGTTAGTGGCCATAG-1,4
AGTAACCGCAGGTCAA-1,2
AGTAAGCTCGGCCAAT-1,3
AGTACCGTTGTACGCC-1,0
AGTAGACAGTAAGGAG-1,3
AGTAGAGCATGGACGT-1,4
AGTATTCAGCTGAATG-1,4
AGTATTCGTCGGTATC-1,1
AGTATTGGTATGTCTA-1,2
AGTCGCCACTCGGCGA-1,5
AGTCGGACCGTGCTTA-1,3
AGTCGGTCTAATCTGT-1,6
AGTGTCTAGGCTAATA-1,4
AGTTATCCTGAACGAA-1,1
AGTTCGGCACATACGG-1,4
AGTTCGTGCAGACCTT-1,6
AGTTGTACTTAATGGA-1,3
AGTTGTCCACAGACCA-1,1
ATAACCTAGAACCTGC-1,0
ATAAGACCAATCGCGG-1,0
ATAAGGAATAGAACAT-1,4
ATACAAGGTCAGTAGA-1,3
ATACATCAAGGATTGC-1,5
ATACATCATGCACCAA-1,2
ATACGCTGAGATCAGA-1,5
ATACTAGCCATTAGTT-1,1
ATACTGGAGGATAACG-1,1
ATAGAACCTCTACCGA-1,0
ATAGATGCCTAAGCAC-1,5
ATAGTGAGTGAGGATT-1,3
ATAGTTCGCAGCCGTG-1,3
ATCACCAGTTCGGCGA-1,0
ATCACTTAGGCCTTGT-1,2
ATCATTCACCAGATTG-1,4
ATCATTGTCCATGCCA-1,5
ATCCGAGTACCACGTG-1,1
ATCCGGATGACGTAAC-1,2
ATCCGGTACCGTCCTT-1,4
ATCCGGTATCACAAGT-1,0
ATCCGTAGCTTCAGTA-1,4
ATCCGTAGTGTCGCTC-1,2
ATCCTCGTTCCAGGCC-1,2
ATCGCAATGCACTAAC-1,5
ATCGCAGTAACTTATT-1,4
ATCGCAGTCTATGGCA-1,0
ATCGGCTCTATGCCTC-1,2
ATCGTACACCTATGCC-1,4
ATCGTCACCATGTCAC-1,5
ATCGTCAGTTAGTCCA-1,1
ATCTCCTTGCGATACA-1,5
ATCTGAGGAACGGTTG-1,0
ATCTTAGTGGCATGGA-1,4
ATCTTGGCTTCGTCCT-1,1
ATGAATGTATCGTGGT-1,1
ATGACCTCACTTAACC-1,0
ATGATATCTAGTCTTA-1,5
ATGCATGGTTCCGCCT-1,5
ATGCTGAATGCAATAG-1,0
ATGCTGCCGGCATACT-1,2
ATGCTTGGACGAACTT-1,0
ATGGAGTAATCGGACC-1,3
ATGGCATTATGGCTCG-1,3
ATGTAATTGTCGTTCG-1,2
ATGTACATGAACTCCG-1,0
ATGTACTACCGACTTC-1,4
ATGTAGGTAACCGTAC-1,2
ATTAAGAACAGCTCCG-1,5
ATTACATTGAAGTATG-1,6
ATTACTCCGTGAAGCG-1,3
ATTAGATAAGACGGCG-1,4
ATTAGCCTCACTTCTA-1,1
ATTATCACAACTCGGC-1,2
ATTCACATCTTATTCT-1,0
ATTCACCTGACCAGTT-1,6
ATTCACGCTGTTATCG-1,2
ATTCACTCACGTGCAC-1,0
ATTCAGCTCCTACTAA-1,1
ATTCATAGCGAAGCGT-1,4
ATTCCGCAACGCCGCT-1,3
ATTCCGGTTACATACC-1,0
ATTCCGTAAGGATTCC-1,1
ATTCCTGCCTTAACAG-1,0
ATTCGCTCGCGGAGGC-1,1
ATTCTAGGACATCAGT-1,1
ATTGCATCACTGACTG-1,2
CAACAGGTCAGAGGAC-1,2
CAACCGTATTACTGTA-1,1
CAACGCTTGCTCCTAC-1,5
CAACTGCAGTGCAATA-1,5
CAAGACCACTATCGAA-1,5
CAAGCCGCCATAGAGG-1,1
CAAGTGTTCGCCACGC-1,0
CAATAAGCGGCCAGAT-1,2
CAATTGAACCGGCTCG-1,0
CACCTAGACGAGCCGG-1,3
CACCTCGAGCGATGCT-1,6
CACGCCACAATCGCAC-1,1
CACGTAGGTAGGCTGA-1,1
CACGTCAAGTGCGATC-1,1
CACTACTGCGGAATTG-1,0
CACTACTGGCTGAACC-1,1
CACTGGCCAGCCAGAT-1,5
CACTTGACATTCAGAA-1,5
CAGAACATGATAGGAC-1,2
CAGAAGTCGCGGTTAT-1,3
CAGACGAATGAGGAAC-1,3
CAGATTGCCTGTAAGT-1,5
CAGCCAGTCCTGTCGG-1,3
CAGCTCCTCGGATTCT-1,1
CAGGACATGGTAATGC-1,0
CAGTACAGTTGTGGAA-1,5
CAGTATGCGTGGCGCT-1,0
CAGTCAGCCGATCCGG-1,0
CAGTGAACAGCAACGA-1,0
CAGTTGCTCACGTGTC-1,2
CATAGAACATTGAACA-1,1
CATCAGATACTAATCG-1,5
CATCAGGTGCCTGATA-1,1
CATCCGAAGCGTATGG-1,2
CATCGCGGTCGGTGCG-1,3
CATGCGCTACTGGAGG-1,2
CATTAACTATTGTTCC-1,5
CATTAGGATAGTGAAT-1,1
CATTAGGCAATGGTTA-1,0
CCAACTTGCCACCGTA-1,0
CCAATCTTGCCTATGG-1,5
CCAGACAATATCGTTA-1,5
CCAGACAGAACCTAAG-1,3
CCAGACATCCGGTTCT-1,1
CCAGATAGACGAGGTG-1,0
CCATAGTATTGTCTGC-1,2
CCATCTGTGGCATCGT-1,0
CCATGAACATCGTTGG-1,2
CCATTCGTCTGCTCTA-1,2
CCGACAAGACTGTACT-1,5
CCGACAGACTGTGCCT-1,1
CCGAGGATGACTCGTC-1,5
CCGATGGAACATCAGC-1,3
CCGATTCCTCACTACA-1,3
CCGCGTCGTTGGTCTG-1,1
CCGCGTTACCTTGGCG-1,2
CCGCTGTCACCTGCAA-1,0
CCGCTGTTGCCATACG-1,5
CCGGCGAACATCACGT-1,2
CCGGCGAACCGTGCAC-1,4
CCGGCGTCTTAATAAG-1,3
CCGTGAAGGATAACAG-1,4
CCTAACTTATGTTGGA-1,2
CCTAAGCATGCCTTGT-1,3
CCTAATCCACAAGGAT-1,1
CCTAATGGCACTGTTC-1,1
CCTACCACTCCAGTTA-1,5
CCTACGAGCTGGCCGG-1,0
CCTAGCCTTCATCGGC-1,0
CCTATGCCTTCTTGTT-1,3
CCTCACGTTACTCGCA-1,2
CCTCGATAGAATAGGA-1,0
CCTCTACCGTGATTGG-1,3
CCTCTTCGAGCGGTTG-1,2
CCTGGATCTAGAGCCA-1,4
CCTGTCTAAGTAGGCT-1,2
CCTGTCTGATAGGTGA-1,4
CCTGTCTGCATAGGTC-1,3
CCTTGTCTACTTAGAC-1,2
CCTTGTGATGGTCTAG-1,5
CGAACCAGAAGTCTGG-1,6
CGAATGGACCGTCTTG-1,3
CGACAAGTACTCCTTA-1,1
CGACCAGAAGGATCCG-1,3
CGACCAGCCTTGATTA-1,3
CGAGATGCCGCATCTT-1,1
CGAGCGGCACAGTAGG-1,1
CGAGCTTAGAATACCT-1,4
CGAGGAGTCTAAGGAT-1,4
CGAGGATTCGATCATA-1,3
CGAGTGCGGCTCGTGG-1,3
CGATAAGAATTCCAGT-1,3
CGATGAGGCCAACGTA-1,5
CGATGCACCAGGCCTC-1,0
CGATGTCCGACTACAG-1,5
CGCAACCATGCACCGA-1,4
CGCACGGCTGTCAGGT-1,2
CGCACTGTGAGCCTGT-1,1
CGCATCTTGACTTAGT-1,1
CGCATGAGGAGCGTCT-1,3
CGCCTCGAGCCACTCG-1,3
CGCCTCGGAACTGTGC-1,1
CGCCTTATCTTGGCGA-1,5
CGCTATAGTCTTCATC-1,1
CGCTATTATGATACGT-1,1
CGCTGCTATGACAGAC-1,1
CGCTTATGGTTAGGAT-1,5
CGCTTGGCTTGGATCT-1,2
CGGACTGTGAGTATAG-1,6
CGGCAACCACTAGCAT-1,1
CGGCATTATCGCGTGG-1,1
CGGTATAGGATGAGCG-1,2
CGGTGAGCATGTATAC-1,2
CGGTTATCTGTCTTAA-1,4
CGTAACATTCGCGATA-1,3
CGTAACATTGGCTGAG-1,0
CGTACAGACGAGGACC-1,2
CGTACAGTAAGTAATG-1,2
CGTAGTACGCATAATG-1,5
CGTAGTTCGTTGGTAG-1,0
CGTCCATCGTCCAATA-1,3
CGTGTAGACACCTTCC-1,0
CGTTGTGAGCAAGTGG-1,3
CTAACAGTATACCGGC-1,5
CTAATCTGGCCGTGTT-1,4
CTAATGACATCATTCT-1,0
CTAATGAGCGAGGCTA-1,4
CTACAACCGCTGTCTA-1,1
CTACAGATCGGTCGCC-1,0
CTACAGCGTCTACACT-1,0
CTACATCTACTGGCTT-1,5
CTACGCTTAGAAGTGC-1,4
CTACTGCTCCGACAGT-1,0
CTATAGATCCACAAGC-1,0
CTATCGGATATCGGAG-1,4
CTATGCCGTACAGCGT-1,5
CTATGTGCGGTTGACT-1,3
CTATTAGCGGCTTCGT-1,2
CTATTCTGTAGGACCT-1,6
CTCAATGACCATTAAG-1,5
CTCACCTGAGACTAAG-1,0
CTCACCTGCCGACTAA-1,0
CTCACGTATTCAAGCG-1,6
CTCACGTTCGGTCTGC-1,3
CTCATAATAGCACCGT-1,2
CTCATAGCCAATGTCG-1,0
CTCCGGCCTACAGCTT-1,0
CTCCTACATTGTATCT-1,5
CTCCTACCTCGTGGTA-1,2
CTCCTTATCTTAAGAC-1,4
CTCGACAGCACTCGGA-1,0
CTCGACTCCTAATGGA-1,5
CTCGCTGTTCATAGAT-1,1
CTCGGATCGGAATACG-1,6
CTCGTTCTGTCACGTT-1,6
CTGAAGGTGCTCGAGG-1,6
CTGACTGTGGCCGGTT-1,1
CTGCCGATTGCGATGT-1,2
CTGCCGTGAAGTCGCA-1,3
CTGCTCATTAGAGTGC-1,0
CTGGAATAGTGCAAGT-1,4
CTGGAATGGATCAGCA-1,1
CTGGCGCATATCCGTG-1,4
CTGGTGCGTTCACGAG-1,4
CTGGTGGCCAATAAGT-1,5
CTGTATCTTCGCCATA-1,5
CTGTCAGATCGATGCG-1,2
CTGTGGCTTGTCAGCT-1,1
CTTACGACAACGATAC-1,2
CTTACGCAACTCAACG-1,4
CTTACGGTAAGCCGAA-1,5
CTTACGTCATCCTTAT-1,0
CTTAGCAAGGACAGCC-1,1
CTTAGCTTAGTTCTCG-1,3
CTTAGTCTATCGAGAC-1,3
CTTAGTCTCGACAACT-1,0
CTTAGTTGCTCGTTGT-1,4
CTTCAAGTCGACCTTC-1,3
CTTCCAATTGAAGATT-1,2
CTTCCGTCGCTGCATC-1,4
CTTCGACTCCAGACTG-1,1
CTTCGAGCTGCAGCCT-1,2
CTTCGATAACATTGGT-1,3
CTTCGATATGTAGGAG-1,4
CTTGAGTCTTACAGTG-1,1
CTTGGAACTCCACGCC-1,2
CTTGGTTAGAGTCATC-1,4
CTTGTATCGTATGATT-1,1
GAACATTCGACACGTA-1,1
GAACGCTAGAAGGCTA-1,4
GAACTAACTCTACGTG-1,4
GAACTACCTTATCATA-1,3
GAACTGTAACTCAGGC-1,3
GAATAAGGAGAACTAA-1,5
GAATGACACGACTAGG-1,5
GACAACGGACTCAGCT-1,6
GACAATCTATTAGATT-1,2
GACCACATTCTTGAAT-1,0
GACCACTCCTGACGTT-1,4
GACCGGCCATGTACCG-1,5
GACGCTCACCAACCGG-1,1
GACGGCTTAGGTGCGA-1,2
GACTACGAGTTCCATT-1,3
GACTAGTAATCTTGCT-1,0
GACTGCGGTCTGCGTG-1,0
GAGCCTCACGTATGTA-1,4
GAGCTAACCTACTTAC-1,1
GAGGATCCAGAACTGG-1,4
GAGGATGATAGGAAGG-1,0
GAGGCCAGCAGAGGTT-1,2
GAGGCGCTCCATTCCT-1,2
GAGGTAACTAGACAGT-1,4
GAGGTATTAATAGCGG-1,3
GAGGTGCATTCGGATC-1,5
GAGTAGATTATGGTTC-1,4
GAGTAGGATGGTAGTC-1,5
GAGTCCACTCATAACA-1,4
GAGTCTGACTATAGAA-1,1
GAGTCTGGTGAATGAG-1,3
GAGTGCCGCATTAGGC-1,6
GAGTGGAGCAAGCGCA-1,3
GAGTTACTCAATGGAA-1,0
GAGTTCTATCGTGCCT-1,4
GATAAGCACGTGCGTA-1,1
GATCCACCGCGTGCAA-1,5
GATCGGAGATACGCAG-1,0
GATGCCTAGAGTCTGT-1,5
GATGTAGCGAGGTCCA-1,0
GATGTAGGAGTTGGCC-1,0
GATTCCATACTGAACC-1,0
GATTCCATTGAGTTGA-1,3
GATTCCGCTGCAAGAT-1,0
GATTCCGTGCGTATAC-1,0
GATTGTCGCAACGAGG-1,3
GCAACATACATCAGCA-1,1
GCAAGATAGGTTAACT-1,5
GCAATACATGAGGACA-1,0
GCAATTAATCAACGTA-1,2
GCACCTTAGCCTCGCA-1,0
GCACTGGACGCAGCAC-1,0
GCAGGCTACCGTCCTT-1,3
GCAGGCTGGTTCCAAG-1,2
GCATGACGGATTATCA-1,5
GCATTACCTGTCAAGA-1,3
GCATTGACTACAGCGA-1,5
GCATTGGTTACCAAGC-1,3
GCCACTATAGACCATA-1,1
GCCAGACAGACGCCTA-1,4
GCCAGACATCTATCAC-1,3
GCCGAAGATGTATTGA-1,2
GCCGAGTCCTCGTCCA-1,0
GCCGCTGATTGGCCAG-1,3
GCCGGCGTGAACTTGC-1,5
GCCGTATGCCAGTCTT-1,2
GCCTCCTGCGGCCGTT-1,2
GCCTGGAGCAAGTTAG-1,1
GCCTGGTACATGGTCG-1,4
GCCTGGTCAGGTTGCC-1,5
GCCTTGAGATCTGAGC-1,0
GCCTTGCCACTTCTGA-1,4
GCCTTGGCGAACAATC-1,6
GCGAATAGTGGCTAAT-1,0
GCGAATCGAGAACACG-1,3
GCGACAGTGCCGCACC-1,0
GCGAGCGGACCATAAC-1,4
GCGAGCGGTTGTCATG-1,1
GCGATGACCGTGTAAT-1,5
GCGGCAAGTGTTATGT-1,3
GCGGTGGCCGACGCAT-1,5
GCGTACCGGATGGCTC-1,1
GCGTACCGTGTATCAG-1,5
GCGTCGGAATGCTGCC-1,4
GCGTCGGTCACGCCAG-1,1
GCTACCATCCTGTAGA-1,2
GCTATGCGTGAACGGT-1,2
GCTCAACCACGGCAAC-1,3
GCTCATACAATTAGAC-1,0
GCTCGGAGATGAATGT-1,4
GCTGACAGCCGGAGCG-1,5
GCTGTAGTGCTGTCGC-1,3
GCTGTTGATAGTCTTA-1,3
GCTTCTAAGTCTGACG-1,0
GCTTCTAGCGTTCATT-1,5
GCTTCTTGGACGAGCG-1,1
GCTTGCTTACTTAACG-1,1
GCTTGGATCCAACCGG-1,2
GCTTGGATGCTCGCTT-1,3
GCTTGGCTGCGGTAAC-1,0
GGAACTTCGACATGTC-1,2
GGAAGCTATGGCACAG-1,2
GGAATCCTTAGACTGT-1,5
GGAATGGCAACTTGGA-1,3
GGACAGTGCGGCAACA-1,1
GGACCGCTTCCTGGCA-1,5
GGACGTCGCACGAGAA-1,4
GGACGTTGGAGGTGAT-1,0
GGAGATCCTGTACCAG-1,4
GGAGTCTAAGTGGTCC-1,1
GGATAATTCAATGCTG-1,1
GGATCGCTGGCATATT-1,1
GGCAGCGTATACGACT-1,3
GGCAGGAAGTCTTCTA-1,2
GGCATAATCCTATCGC-1,4
GGCATTGCTAAGAATG-1,5
GGCGAGGCAGCCTACT-1,2
GGCGGAAGTCTTGTAG-1,6
GGCGGAGCACTGATAA-1,0
GGCGTGTAATTACTTA-1,3
GGCTTGCCATAGGCTC-1,2
GGTAAGGCGACGATGA-1,5
GGTACCAGGTAGTGTT-1,2
GGTACGGAGCATCAGC-1,2
GGTAGCCATCAATCCG-1,1
GGTCCTGCGAGTAGGT-1,4
GGTCTGAAGGTTCGAA-1,4
GGTCTGAAGTATGTCA-1,3
GGTCTGCGAACTGTAT-1,3
GGTCTTATAGGCTGGC-1,3
GGTCTTGAACCGGCCA-1,5
GGTCTTGATAACGTCA-1,1
GGTGCAGGCACCGCGT-1,0
GGTGCAGTGGTCTTAT-1,1
GGTGTCACCAGCGAAC-1,2
GGTTCATTCCGGCCTC-1,0
GGTTCTGGAGTCTACC-1,2
GTAACACCGAGCGTTA-1,0
GTAATCACGCACAGCT-1,2
GTACAACTCGGCAGAA-1,5
GTACAGAACAGGACTC-1,0
GTACCTGAAGTGAATG-1,3
GTACGAAGGATTATTG-1,1
GTACGAATTCTACCAA-1,2
GTACGATTAGTCTACA-1,0
GTACTTAACTTCAGCG-1,1
GTAGAAGGACATCATA-1,5
GTAGCATAGTTACAGG-1,1
GTATGACATAAGACGG-1,4
GTATGATAGTATGGAT-1,2
GTATGATCACTTGACG-1,4
GTATGTTAGTTCTACC-1,4
GTATTAGATTGAGGTC-1,2
GTATTATGAGTTAGCG-1,5
GTATTCCAAGTTACCT-1,4
GTATTCGTGACTTGAT-1,1
GTCAACAGTTAAGTGA-1,0
GTCAACCTGACGATAG-1,0
GTCACTAAGCCAGCGG-1,6
GTCAGCGATGTAATTG-1,5
GTCAGTAGGTGACCGG-1,6
GTCAGTGAGGATCGTT-1,0
GTCAGTGCTGACAGCG-1,2
GTCAGTTCTGCCTGGA-1,1
GTCATCACGTGGTTCA-1,1
GTCCGACAGCCGCATT-1,6
GTCCTTCATCAGATCA-1,5
GTCTAATACGGCTAAG-1,1
GTCTAGTCTAGCGACG-1,0
GTCTTGACAATAGCAA-1,4
GTCTTGCGATGAATGC-1,4
GTCTTGCGGCGATTCA-1,3
GTCTTGCTGGACGATA-1,1
GTGAACATTCAACGAT-1,1
GTGAAGATGAGTGCCT-1,3
GTGAAGTGATCGTGCT-1,6
GTGACACCAAGTGAAT-1,2
GTGACATACAGGTCCT-1,1
GTGACCAGATCGAGAT-1,1
GTGACTTCCTCACGAC-1,1
GTGCAACGACGGTGTT-1,0
GTGCACTTGTTCCTGG-1,2
GTGCAGGCTGGACATG-1,1
GTGCATGGTTGAGTTC-1,1
GTGCCTGACACGTTGG-1,1
GTGGAACAGAAGTCGA-1,0
GTGGCGAGGAAGGCTA-1,6
GTGGCGCACCTGTTCC-1,6
GTGGTACTGTTGTAGC-1,0
GTGGTCGCTCTGTAGC-1,0
GTGGTTGCCGCTTCAA-1,5
GTTAACAACTTCGGAT-1,2
GTTAACTCCGACCACT-1,4
GTTAGGCCTGAACATC-1,4
GTTAGGTACTAACTGG-1,2
GTTCATCTTACATTCC-1,3
GTTCCAGTGCCTTACC-1,6
GTTCTTGATCTGTTGA-1,0
GTTGAAGGAAGTCGGC-1,4
GTTGAATCAACCTGGC-1,4
GTTGACGAACCAGAAC-1,3
GTTGACGGATAGCCAT-1,2
GTTGACTAGAGCACGT-1,5
GTTGCTCCTGAGATTC-1,4
GTTGTCCTGTGATGTA-1,5
TAACAGCAGGCCTTAC-1,4
TAACAGGAACCGACAA-1,4
TAACAGGTCCATACCA-1,4
TAACATGGCCACCTCC-1,4
TAACCTTGAGACTTCG-1,2
TAACGAGCCGAAGGTC-1,3
TAACGAGTTGCCAACC-1,4
TAACGCGTAATATGGC-1,1
TAACGCTTATGCCATA-1,4
TAACGTCACTATAATC-1,3
TAACGTTGCGTCGATG-1,1
TAAGCACGAGACCTAC-1,0
TAAGCCATACGACACG-1,2
TAAGCTCCTTCACGCC-1,2
TAAGGACGCCTGGTTG-1,4
TAAGTGGCCGCTCACC-1,3
TAAGTGTCAAGGTGGC-1,2
TAATAGCGCTGTACTC-1,6
TAATCGACATTGTTGG-1,4
TAATGTGCACGATCTG-1,1
TAATTAAGGAGTACTG-1,4
TACAAGCGGAAGTACG-1,1
TACACTGCAGGTTAGA-1,0
TACACTGTCGAACCAA-1,4
TACATCGTCAGCGGTT-1,1
TACCAGACAACCTCAG-1,4
TACGACGCGATTCAAG-1,3
TACGAGATTGGTCTGT-1,4
TACGGAGTCAACGAAG-1,4
TACGGATCAGCCATCC-1,4
TACGTATCGAGGTTGT-1,0
TACTAGTACCGGATGG-1,0
TACTATGTTGAATCTT-1,2
TACTCCGAAGTAGAAT-1,3
TACTCCTACATCAACT-1,4
TAGACCGGCCAGTACG-1,4
TAGAGGCGATTGATTC-1,5
TAGCGGACCACTGTTA-1,2
TAGCGTATAGCGCTAA-1,0
TAGCTAGAAGCGATCA-1,3
TAGCTCGAATCGTCCG-1,0
TAGCTTAAGCTGGCGT-1,3
TAGGATGCACCGTTCA-1,5
TAGGCATCTGCGGACC-1,4
TAGGCGAGCGATCGGT-1,2
TAGTATAACCTCGACA-1,2
TAGTATCCAATTACGT-1,4
TAGTGAGGACATGTTG-1,3
TAGTGATGACTCCTGG-1,3
TATCAACGAATATGAG-1,0
TATCAAGGCCGCGTGG-1,0
TATCAATGCCGCTCAC-1,0
TATCACTTCGAGCCGT-1,3
TATCCACTTGCGTATC-1,5
TATCCTGCGGTTGATC-1,2
TATCTAATCACCTCGG-1,2
TATCTAGGAGTGGACA-1,2
TATCTAGTCGCATGCA-1,2
TATGACAATGCTTGAA-1,5
TATGACGGAGATTGGC-1,5
TATGAGGATCTACTGG-1,2
TATTGAATCCGACTAA-1,1
TATTGATCGTGATCTT-1,0
TCAAGGCAACGCGGCT-1,6
TCAAGGTATCAACTTA-1,0
TCACAAGCTCGAGGCA-1,3
TCACATCCTGTCGCGG-1,0
TCACATCCTTCTCAGT-1,2
TCACATTGTCGGTGAC-1,1
TCACCGTTGCTAATGG-1,4
TCACGACATCAGAAGG-1,0
TCACGATACCTAGCCA-1,0
TCAGCGTGACCTTACC-1,4
TCAGCTACCAACTCCG-1,1
TCAGCTAGGATGTACT-1,0
TCAGCTATTAATCGCT-1,0
TCAGGAGCAACGGTCG-1,5
TCAGGATACACTACAA-1,1
TCAGTATGTAGGACAA-1,2
TCAGTCAGCGATCAGA-1,2
TCAGTCGCCAAGGTTG-1,5
TCATAGCTTCCAGTAC-1,3
TCATAGGTGAGTCGAC-1,1
TCATCGTTATGTATCT-1,0
TCATGAGTAAGACATC-1,2
TCATTGATAGACTTGC-1,2
TCATTGTTCAATGCGT-1,1
TCCAACTAAGACTCCA-1,3
TCCAACTGAATAAGGT-1,3
TCCAACTGCCGCCATA-1,3
TCCAATCTAACACGCA-1,4
TCCAGTACGTGCTATG-1,4
TCCATGATGTGATCAA-1,3
TCCATGCGTCCACCAG-1,1
TCCGAACATAGTCTGA-1,4
TCCGAACCTCAACCAT-1,4
TCCGCCAGTGATTAAT-1,5
TCCGGCTCTATGGACA-1,1
TCCGTCCACTCGGAGC-1,4
TCCGTGTCTTACATAA-1,5
TCCTCACGTGTAGACG-1,3
TCCTGATAAGTGCCGT-1,3
TCCTGGTGGCAATAGC-1,5
TCCTTACTCGCAATGA-1,2
TCGACGAAGAGCAAGT-1,5
TCGAGTGGTAGGTCAC-1,3
TCGATCCAGTCTGTAG-1,6
TCGATCGTGAGGCGCC-1,1
TCGCACTGTACGGCGA-1,0
TCGCCTATCGACTCCT-1,5
TCGCCTGGTGGATTCT-1,1
TCGGAACGTCTGCAAG-1,0
TCGGCGCAGAATGTCT-1,5
TCGGCGCAGATAGATA-1,3
TCGGTGTCTAACCAAG-1,0
TCGTATCACGTTATGA-1,4
TCGTCCAGCATGGCTT-1,5
TCGTGCCTCGGTAGTT-1,0
TCTACAACTGGAACTT-1,1
TCTACATGTCCGACTT-1,0
TCTAGGCGGAAGGCAC-1,0
TCTGCGTGCTTCAGAC-1,5
TCTGGATATTAACCTA-1,1
TCTGGTATCTGTAGCC-1,1
TCTGTCACCGTTAATA-1,2
TCTTACCGCTCGTATG-1,0
TCTTACTGAGACTAGT-1,3
TCTTAGTCGTCTCGGC-1,5
TCTTGAGTCATTATAC-1,3
TCTTGCACTATTCAGA-1,1
TGAACGGACACGTATC-1,3
TGAAGCACCGTCATGA-1,0
TGAAGTATGATCGTGC-1,5
TGAATGTACCTTCGTC-1,2
TGAATGTTGACATCGT-1,3
TGAATTCGTGGTATAA-1,6
TGACATTACAACGCCG-1,2
TGACCAAGCTGCACAT-1,2
TGACCAATCAGCCACG-1,3
TGACCAGCACTCCAGC-1,0
TGACCAGGTATGACCT-1,1
TGACTTGCACTCACGG-1,1
TGAGGTAGGACTACTG-1,3
TGAGTGAGATCGCTAA-1,2
TGATGGCCGGCATCGC-1,3
TGATTAGAATGACATA-1,4
TGCAACAGTGAAGCTC-1,1
TGCAACGTTACCTGGT-1,5
TGCACGTAGTTCGAAG-1,3
TGCACTCCAGCTACTC-1,1
TGCAGACAATACTGTT-1,6
TGCAGTTATTCCACTC-1,4
TGCATTAATGGCCACC-1,3
TGCATTGCTGTCGGCG-1,5
TGCCAATCCATGTCTA-1,1
TGCCAGGATGAGGTTC-1,3
TGCCTAAGTTAATTAT-1,5
TGCCTATCAATGCCAT-1,1
TGCGAGCCAGACGAAT-1,4
TGCGATTAGCTCCGCC-1,1
TGCGCCGATCGCGAAG-1,2
TGCGCCTCTGGCTACA-1,2
TGCGCTCATAGAACGA-1,0
TGCGGACTCACGTGAT-1,3
TGCGGATCATCCTAGA-1,2
TGCGTGTCGGCGGATA-1,6
TGCTATCCATGTAATA-1,5
TGCTTAGCTCCTGGCT-1,2
TGCTTATGACGCTGGC-1,0
TGGACGCCTGCGACCG-1,1
TGGAGTGCTCCTGATC-1,0
TGGATCCAGTCACTTC-1,3
TGGCCAACATTCTGAG-1,2
TGGCCAAGCGTACAAG-1,2
TGGCCAGAGTATCTCC-1,1
TGGCCAGATCCGGACA-1,4
TGGCCTGACATACTCA-1,5
TGGCGACACTGCCGGA-1,1
TGGCTCCGCATCAGAT-1,0
TGGTACGGACGTAGTT-1,5
TGGTACGTGCTGTTGA-1,0
TGGTAGCATCAAGTCT-1,3
TGGTAGCCAGTTGACA-1,1
TGGTATGCAAGTCTAT-1,3
TGGTATTCCTAGTCCA-1,6
TGGTCGCCGGCTTACT-1,3
TGGTCTCAGAATGCAC-1,2
TGGTGCAGACCGAAGT-1,6
TGGTGCGAGGTCGTAT-1,4
TGGTTGAACACGCCAA-1,4
TGGTTGCCTCCGGCTT-1,1
TGTAAGGTGAGCGACC-1,0
TGTAATTGTATCCTCG-1,4
TGTACCAACTACGCAT-1,2
TGTCAACTCATCAACG-1,2
TGTCAGAAGTTGTAAC-1,1
TGTCATGCATGAGCAC-1,1
TGTCCATGTATGGAAT-1,0
TGTCTTGCGACTAATT-1,0
TGTTCCTCACATTAAT-1,4
TGTTGGAACGAGGTCA-1,0
